,id,followers_count,friends_count,created_at,language
33,122994855,1049,415,Sun Mar 14 16:24:45 +0000 2010,en
34,229596604,1243,203,Wed Dec 22 20:32:29 +0000 2010,en
79,293274246,1314,220,Thu May 05 02:03:52 +0000 2011,en
143,317309166,1477,119,Tue Jun 14 18:59:48 +0000 2011,en
149,1425763159,1196,299,Mon May 13 15:34:25 +0000 2013,en
153,22693132,1676,261,Tue Mar 03 22:37:58 +0000 2009,en
159,424409927,1008,420,Tue Nov 29 18:53:51 +0000 2011,en
189,972898423,1603,313,Mon Nov 26 23:20:44 +0000 2012,en
222,474091228,1619,274,Wed Jan 25 16:58:56 +0000 2012,en
224,32281887,1849,486,Fri Apr 17 03:14:14 +0000 2009,en
231,346801789,1304,317,Mon Aug 01 21:22:52 +0000 2011,en
261,9554452,1073,101,Sat Oct 20 01:55:16 +0000 2007,en
448,236696059,1581,366,Tue Jan 11 04:52:52 +0000 2011,en
467,569026093,1310,423,Wed May 02 11:23:51 +0000 2012,en
477,120355879,1294,362,Sat Mar 06 05:50:35 +0000 2010,en
556,15771482,1781,357,Thu Aug 07 23:53:20 +0000 2008,en
730,29639874,1597,447,Wed Apr 08 04:23:34 +0000 2009,en
772,183424110,1220,136,Thu Aug 26 23:46:04 +0000 2010,en
807,417631044,1013,379,Mon Nov 21 05:46:07 +0000 2011,en
923,22425776,1079,206,Mon Mar 02 00:06:25 +0000 2009,en
940,121783565,1257,128,Wed Mar 10 15:32:52 +0000 2010,en
956,15378621,1935,117,Thu Jul 10 15:18:46 +0000 2008,en
965,414895897,1071,204,Thu Nov 17 16:42:30 +0000 2011,en
1011,47543853,1258,135,Tue Jun 16 04:38:20 +0000 2009,en
1112,19812372,1117,200,Sat Jan 31 11:35:49 +0000 2009,en
1170,19144225,1919,161,Sun Jan 18 13:32:12 +0000 2009,en
1262,546753317,1142,330,Fri Apr 06 12:03:51 +0000 2012,en
1306,952540201,1295,449,Fri Nov 16 22:39:27 +0000 2012,en
1360,28878752,1737,445,Sat Apr 04 21:53:53 +0000 2009,en
1371,91552606,1762,335,Sat Nov 21 11:18:08 +0000 2009,en
1559,1249800524,1133,262,Thu Mar 07 18:47:53 +0000 2013,en
1568,63073834,1863,405,Wed Aug 05 08:26:03 +0000 2009,en
1603,50521935,1307,430,Thu Jun 25 02:21:54 +0000 2009,en
1621,2432952828,1145,240,Tue Apr 08 03:13:20 +0000 2014,en
1714,67227563,1201,435,Thu Aug 20 04:28:12 +0000 2009,en
1728,40606819,1789,349,Sun May 17 04:22:41 +0000 2009,en
1782,1182925578,1565,234,Fri Feb 15 15:19:33 +0000 2013,en
1830,294584158,1930,386,Sat May 07 12:13:03 +0000 2011,en
1850,605754185,1923,389,Mon Jun 11 21:18:41 +0000 2012,en
1876,198572491,1726,156,Mon Oct 04 17:29:21 +0000 2010,en
1892,22011571,1710,210,Thu Feb 26 14:08:11 +0000 2009,en
1926,21172539,1569,283,Wed Feb 18 05:36:36 +0000 2009,en
2076,103922067,1916,445,Mon Jan 11 17:52:44 +0000 2010,en
2149,71453676,1371,330,Fri Sep 04 04:30:38 +0000 2009,en
2205,28715128,1364,411,Sat Apr 04 02:06:03 +0000 2009,en
2233,64859300,1987,373,Tue Aug 11 23:18:10 +0000 2009,en
2245,129443311,1104,468,Sun Apr 04 08:48:59 +0000 2010,en
2303,492778623,1242,416,Wed Feb 15 03:31:44 +0000 2012,en
2322,285662097,1070,327,Thu Apr 21 15:19:15 +0000 2011,en
2339,2927384962,1760,340,Wed Dec 17 17:33:57 +0000 2014,en
2344,39871383,1899,321,Wed May 13 23:42:20 +0000 2009,en
2345,198895121,1134,396,Tue Oct 05 14:36:36 +0000 2010,en
2349,242960321,1030,187,Wed Jan 26 00:20:01 +0000 2011,en
2457,116264455,1588,245,Sun Feb 21 20:23:38 +0000 2010,en
2479,26244031,1483,276,Tue Mar 24 14:14:13 +0000 2009,en
2485,123880887,1238,487,Wed Mar 17 14:10:19 +0000 2010,en
2531,2978992402,1127,367,Wed Jan 14 22:37:15 +0000 2015,en
2557,305144869,1674,402,Wed May 25 18:33:33 +0000 2011,en
2574,1428948032,1708,328,Tue May 14 22:09:23 +0000 2013,en
2578,34173355,1089,460,Wed Apr 22 03:51:51 +0000 2009,en
2667,500040415,1160,431,Wed Feb 22 18:54:44 +0000 2012,en
2680,45787636,1844,412,Tue Jun 09 07:20:34 +0000 2009,en
2686,218759595,1769,447,Tue Nov 23 05:39:48 +0000 2010,en
2707,523874457,1978,374,Wed Mar 14 01:09:29 +0000 2012,en
2736,37988209,1337,280,Tue May 05 18:43:47 +0000 2009,en
2761,236975376,1833,152,Tue Jan 11 20:03:37 +0000 2011,en
2813,118420668,1209,244,Sun Feb 28 16:48:58 +0000 2010,en
2831,22260540,1922,197,Sat Feb 28 14:41:45 +0000 2009,en
2932,2511427183,1271,457,Tue May 20 21:26:18 +0000 2014,en
2994,16208276,1187,478,Tue Sep 09 19:20:53 +0000 2008,en
3043,219699117,1119,286,Thu Nov 25 16:28:03 +0000 2010,en
3050,274120509,1242,302,Tue Mar 29 19:30:38 +0000 2011,en
3055,15970073,1437,490,Sun Aug 24 16:26:44 +0000 2008,en
3079,525282645,1371,420,Thu Mar 15 11:27:28 +0000 2012,en
3121,487813295,1728,406,Thu Feb 09 19:30:56 +0000 2012,en
3178,28983417,1194,490,Sun Apr 05 13:01:15 +0000 2009,en
3187,2915812174,1292,365,Thu Dec 11 16:30:59 +0000 2014,en
3227,525957664,1369,377,Fri Mar 16 02:31:09 +0000 2012,en
3237,447247863,1906,251,Mon Dec 26 17:34:19 +0000 2011,en
3254,976502527,1212,297,Wed Nov 28 16:40:30 +0000 2012,en
3357,733898910,1202,239,Fri Aug 03 01:29:44 +0000 2012,en
3367,2914822804,1228,422,Thu Dec 11 01:11:14 +0000 2014,en
3387,1976740980,1252,486,Sun Oct 20 23:41:26 +0000 2013,en
3450,836854820,1619,405,Fri Sep 21 02:53:28 +0000 2012,en
3468,2225736954,1467,417,Sun Dec 01 23:36:28 +0000 2013,en
3688,28779853,1611,470,Sat Apr 04 11:51:18 +0000 2009,en
3691,42790427,1925,327,Wed May 27 02:13:36 +0000 2009,en
3697,437667247,1797,149,Thu Dec 15 17:59:32 +0000 2011,en
3732,170111219,1899,110,Fri Jul 23 23:50:04 +0000 2010,en
3754,17975444,1161,187,Mon Dec 08 22:19:21 +0000 2008,en
3761,25343626,1200,203,Thu Mar 19 17:28:25 +0000 2009,en
3981,819676560,1883,337,Wed Sep 12 14:32:45 +0000 2012,en
3987,247968838,1588,416,Sat Feb 05 23:52:35 +0000 2011,en
4116,435128656,1949,450,Mon Dec 12 18:15:26 +0000 2011,en
4129,3003867376,1035,317,Wed Jan 28 20:31:35 +0000 2015,en
4172,112781983,1704,235,Tue Feb 09 17:59:02 +0000 2010,en
4187,259176107,1599,377,Tue Mar 01 08:58:21 +0000 2011,en
4192,361956693,1639,248,Thu Aug 25 16:22:04 +0000 2011,en
4275,57142505,1208,318,Wed Jul 15 21:27:37 +0000 2009,en
4276,566949843,1956,266,Mon Apr 30 03:13:45 +0000 2012,en
4309,282629749,1725,366,Fri Apr 15 15:46:08 +0000 2011,en
4448,450146278,1311,374,Thu Dec 29 22:53:11 +0000 2011,en
4479,72848874,1829,277,Wed Sep 09 13:14:42 +0000 2009,en
4585,19160457,1198,167,Sun Jan 18 22:26:18 +0000 2009,en
4620,55815964,1727,145,Sat Jul 11 11:54:57 +0000 2009,en
4649,14632277,1802,127,Fri May 02 23:02:22 +0000 2008,en
4657,1375306027,1105,323,Tue Apr 23 19:19:45 +0000 2013,en
4780,18234755,1457,285,Fri Dec 19 04:26:08 +0000 2008,en
4833,221422356,1199,292,Tue Nov 30 16:40:07 +0000 2010,en
4868,432955294,1369,407,Fri Dec 09 23:58:17 +0000 2011,en
4872,133782380,1215,411,Fri Apr 16 16:22:33 +0000 2010,en
4940,14606900,1714,383,Wed Apr 30 22:22:15 +0000 2008,en
4945,16669580,1336,173,Thu Oct 09 17:26:53 +0000 2008,en
5045,138523104,1077,138,Thu Apr 29 20:03:53 +0000 2010,en
5055,2366200170,1268,450,Fri Feb 28 23:07:42 +0000 2014,en
5094,1112289313,1941,303,Tue Jan 22 18:28:33 +0000 2013,en
5151,580406765,1177,384,Tue May 15 01:17:12 +0000 2012,en
5154,65726596,1568,342,Fri Aug 14 20:26:03 +0000 2009,en
5171,121751302,1520,478,Wed Mar 10 13:29:25 +0000 2010,en
5201,3026622545,1898,182,Mon Feb 09 16:00:36 +0000 2015,en
5210,1531472228,1022,403,Wed Jun 19 17:27:44 +0000 2013,en
5227,24966325,1118,237,Tue Mar 17 22:10:11 +0000 2009,en
5245,29552986,1807,264,Tue Apr 07 21:39:41 +0000 2009,en
5255,326701121,1462,167,Thu Jun 30 10:29:24 +0000 2011,en
5319,32134117,1583,230,Thu Apr 16 20:09:04 +0000 2009,en
5320,2340948996,1544,452,Wed Feb 12 21:22:26 +0000 2014,en
5409,165675063,1197,284,Mon Jul 12 06:55:42 +0000 2010,en
5472,449458857,1261,465,Thu Dec 29 04:17:39 +0000 2011,en
5480,38351876,1247,294,Thu May 07 02:59:18 +0000 2009,en
5488,2838018347,1173,316,Mon Oct 20 12:29:20 +0000 2014,nl
5530,323593901,1905,452,Sat Jun 25 02:54:35 +0000 2011,en
5533,36464426,1433,107,Wed Apr 29 20:10:28 +0000 2009,en
5538,254648944,1142,434,Sat Feb 19 18:21:20 +0000 2011,en
5603,326581793,1630,300,Thu Jun 30 04:27:27 +0000 2011,en
5622,10105942,1470,267,Fri Nov 09 18:31:20 +0000 2007,en
5664,7205832,1877,321,Mon Jul 02 14:01:04 +0000 2007,en
5669,21266799,1151,240,Thu Feb 19 02:09:56 +0000 2009,en
5726,23721204,1525,213,Wed Mar 11 04:17:12 +0000 2009,en
5739,78387677,1703,435,Tue Sep 29 19:00:28 +0000 2009,en
5783,19749363,1465,339,Fri Jan 30 02:17:04 +0000 2009,en
5804,2281331647,1014,464,Wed Jan 08 00:06:14 +0000 2014,en
5816,40772047,1810,481,Mon May 18 00:35:06 +0000 2009,en
5898,15229068,1028,124,Wed Jun 25 08:56:59 +0000 2008,it
6097,117150125,1079,290,Wed Feb 24 18:01:34 +0000 2010,en
6136,357049990,1426,339,Wed Aug 17 19:28:30 +0000 2011,en
6287,479017220,1519,421,Mon Jan 30 22:40:46 +0000 2012,en
6487,27877804,1554,269,Tue Mar 31 14:15:19 +0000 2009,en
6516,233784484,1734,371,Tue Jan 04 03:05:03 +0000 2011,en
6552,30252303,1979,158,Fri Apr 10 16:33:41 +0000 2009,en
6599,287690091,1120,195,Mon Apr 25 14:00:27 +0000 2011,en
6609,243677635,1927,283,Thu Jan 27 15:40:52 +0000 2011,en
6635,34768966,1635,280,Thu Apr 23 23:25:49 +0000 2009,en
6642,765197252,1792,471,Sat Aug 18 06:32:15 +0000 2012,en
6665,24149681,1015,235,Fri Mar 13 09:28:09 +0000 2009,en
6794,14273675,1302,388,Tue Apr 01 10:07:01 +0000 2008,en
6807,28328776,1984,411,Thu Apr 02 12:35:09 +0000 2009,en
6848,41726817,1055,485,Fri May 22 01:55:27 +0000 2009,en
6851,368497409,1545,320,Mon Sep 05 18:51:15 +0000 2011,en
6855,35657008,1474,424,Mon Apr 27 03:28:26 +0000 2009,en
6884,113120838,1540,480,Wed Feb 10 19:37:16 +0000 2010,en
6944,744204973,1676,304,Wed Aug 08 02:00:37 +0000 2012,en
6960,90357471,1776,308,Mon Nov 16 09:07:55 +0000 2009,en
7040,40959268,1620,199,Mon May 18 20:25:34 +0000 2009,en
7049,262668957,1715,406,Tue Mar 08 14:26:05 +0000 2011,en
7098,540265927,1324,272,Thu Mar 29 20:46:20 +0000 2012,en
7139,17855686,1357,321,Thu Dec 04 01:24:58 +0000 2008,en
7152,48001589,1033,176,Wed Jun 17 15:44:33 +0000 2009,en
7181,127635993,1298,213,Mon Mar 29 20:31:23 +0000 2010,en
7244,15949499,1297,227,Fri Aug 22 20:03:47 +0000 2008,en
7255,1225888412,1518,192,Wed Feb 27 19:35:34 +0000 2013,en
7355,381736092,1173,184,Wed Sep 28 21:06:23 +0000 2011,en
7381,20870949,1738,420,Sat Feb 14 20:56:30 +0000 2009,en
7408,136383882,1614,460,Fri Apr 23 20:03:19 +0000 2010,en
7420,1491350114,1537,293,Fri Jun 07 21:33:53 +0000 2013,en
7437,2343686814,1168,154,Fri Feb 14 14:52:15 +0000 2014,en
7443,325231436,1420,145,Mon Jun 27 23:29:19 +0000 2011,en
7687,293594786,1646,467,Thu May 05 16:37:25 +0000 2011,en
7733,231973064,1426,491,Wed Dec 29 23:50:10 +0000 2010,en
7782,59238835,1314,342,Wed Jul 22 20:27:34 +0000 2009,en
7834,2279206304,1035,253,Mon Jan 06 15:07:29 +0000 2014,en
7885,282255277,1170,149,Thu Apr 14 21:23:13 +0000 2011,en
8041,115676070,1618,284,Fri Feb 19 14:27:10 +0000 2010,en
8117,1357819586,1060,442,Tue Apr 16 20:29:24 +0000 2013,en
8167,1188207558,1698,456,Sun Feb 17 03:34:28 +0000 2013,ko
8178,37947269,1584,436,Tue May 05 15:34:36 +0000 2009,en
8226,193065887,1801,317,Mon Sep 20 21:59:45 +0000 2010,en
8256,309432919,1204,285,Thu Jun 02 02:39:21 +0000 2011,en
8320,1888489706,1269,397,Sat Sep 21 01:59:34 +0000 2013,en
8334,34705879,1409,105,Thu Apr 23 19:37:59 +0000 2009,en
8380,394233849,1955,463,Wed Oct 19 19:34:57 +0000 2011,it
8400,100674437,1395,393,Thu Dec 31 04:03:01 +0000 2009,en
8458,2205187568,1454,473,Wed Nov 20 16:21:53 +0000 2013,en
8480,418882229,1383,450,Tue Nov 22 17:50:36 +0000 2011,en
8602,1164782162,1966,464,Sun Feb 10 03:13:21 +0000 2013,en
8608,48528862,1214,115,Thu Jun 18 23:17:35 +0000 2009,en
8642,624019090,1798,282,Sun Jul 01 19:25:56 +0000 2012,en
8684,34615909,1396,330,Thu Apr 23 13:49:22 +0000 2009,en
8821,256601887,1876,444,Wed Feb 23 17:45:07 +0000 2011,en
8833,55441424,1081,330,Fri Jul 10 02:22:39 +0000 2009,en
8835,60353143,1930,205,Sun Jul 26 17:39:43 +0000 2009,en
8895,2932615572,1277,384,Tue Dec 16 17:59:04 +0000 2014,en
8913,1101965940,1549,391,Fri Jan 18 20:46:59 +0000 2013,en
8943,67501566,1097,407,Fri Aug 21 02:41:43 +0000 2009,en
8948,435467995,1112,198,Tue Dec 13 03:04:16 +0000 2011,en
8960,1846271804,1501,238,Mon Sep 09 13:58:23 +0000 2013,en
8998,28374369,1825,470,Thu Apr 02 17:02:34 +0000 2009,en
9022,306414147,1099,247,Fri May 27 20:56:49 +0000 2011,en
9048,22801923,1845,298,Wed Mar 04 17:17:15 +0000 2009,en
9080,611805760,1615,248,Mon Jun 18 16:23:40 +0000 2012,en
9160,14374797,1987,497,Sun Apr 13 13:02:01 +0000 2008,en
9219,141300951,1797,130,Fri May 07 18:26:50 +0000 2010,en
9290,127614941,1469,466,Mon Mar 29 19:08:23 +0000 2010,en
9336,39407561,1462,266,Tue May 12 02:11:52 +0000 2009,en
9407,24430658,1664,238,Sat Mar 14 21:12:14 +0000 2009,en
9412,250272501,1018,286,Thu Feb 10 19:28:52 +0000 2011,en
9460,47255876,1415,455,Mon Jun 15 04:09:04 +0000 2009,en
9501,14551176,1994,341,Sat Apr 26 20:33:16 +0000 2008,en
9507,2961290481,1327,161,Mon Jan 05 01:51:52 +0000 2015,en
9518,27973899,1754,218,Tue Mar 31 21:58:21 +0000 2009,en
9529,76150411,1016,375,Mon Sep 21 21:30:34 +0000 2009,en
9578,16064195,1340,367,Sun Aug 31 06:57:08 +0000 2008,en
9587,110600629,1790,416,Tue Feb 02 03:34:45 +0000 2010,en
9623,1198443385,1342,450,Tue Feb 19 19:36:11 +0000 2013,en
9655,1405987668,1953,248,Sun May 05 20:19:11 +0000 2013,en
9656,2327983291,1829,393,Wed Feb 05 01:08:06 +0000 2014,en
9665,342181634,1303,266,Mon Jul 25 16:21:23 +0000 2011,en
9727,143587617,1702,249,Thu May 13 21:57:29 +0000 2010,en
9823,20949758,1985,373,Mon Feb 16 00:18:41 +0000 2009,en
9849,66209943,1642,326,Sun Aug 16 22:38:02 +0000 2009,en
9924,250710495,1923,128,Fri Feb 11 17:01:16 +0000 2011,en
9930,1532498652,1793,198,Thu Jun 20 01:53:21 +0000 2013,en
9932,64726967,1485,136,Tue Aug 11 14:27:21 +0000 2009,en
9961,275384428,1229,498,Fri Apr 01 05:02:08 +0000 2011,en
9967,946532017,1023,209,Tue Nov 13 21:11:15 +0000 2012,en
9969,7106052,1032,159,Wed Jun 27 09:54:21 +0000 2007,en
10012,2303688630,1090,217,Tue Jan 21 20:44:39 +0000 2014,en
10136,515010219,1080,318,Mon Mar 05 02:31:17 +0000 2012,en
10171,494329788,1367,203,Thu Feb 16 19:46:37 +0000 2012,en
10181,283063309,1528,116,Sat Apr 16 14:07:01 +0000 2011,en
10207,161339181,1320,427,Wed Jun 30 16:01:50 +0000 2010,en
10216,22873107,1560,151,Thu Mar 05 03:28:35 +0000 2009,en
10297,15011877,1137,192,Wed Jun 04 23:37:32 +0000 2008,en
10334,247021432,1154,101,Thu Feb 03 22:58:22 +0000 2011,en
10374,304296756,1652,420,Tue May 24 08:27:30 +0000 2011,en
10446,212800280,1428,487,Sun Nov 07 02:50:10 +0000 2010,en
10463,484234573,1550,352,Sun Feb 05 21:48:15 +0000 2012,en
10580,57412452,1231,460,Thu Jul 16 18:52:13 +0000 2009,en
10670,294177000,1445,314,Fri May 06 17:21:43 +0000 2011,en
10740,40713445,1058,426,Sun May 17 18:54:34 +0000 2009,en
10744,259287056,1463,175,Tue Mar 01 15:08:15 +0000 2011,en
10757,76508902,1861,109,Wed Sep 23 00:49:02 +0000 2009,en
10766,9888122,1755,342,Fri Nov 02 15:27:24 +0000 2007,en
10775,1089418225,1685,475,Mon Jan 14 16:00:17 +0000 2013,en
10838,50220935,1002,327,Wed Jun 24 05:07:05 +0000 2009,en
10887,330657727,1449,211,Wed Jul 06 23:28:11 +0000 2011,en
10899,240303484,1311,317,Wed Jan 19 16:26:47 +0000 2011,en
10941,334079251,1038,184,Tue Jul 12 15:03:08 +0000 2011,en
11011,1666604966,1967,466,Tue Aug 13 02:49:03 +0000 2013,en
11012,208212331,1501,437,Tue Oct 26 21:27:40 +0000 2010,en
11040,59870399,1393,468,Fri Jul 24 19:49:44 +0000 2009,en
11064,311714873,1887,114,Sun Jun 05 22:57:36 +0000 2011,en
11126,39170043,1886,213,Mon May 11 02:23:23 +0000 2009,en
11165,3594949872,1211,463,Thu Sep 17 14:58:22 +0000 2015,en
11171,1873081328,1882,142,Mon Sep 16 21:25:08 +0000 2013,en
11227,80956768,1738,272,Thu Oct 08 22:10:16 +0000 2009,en
11232,100583605,1948,439,Wed Dec 30 20:04:50 +0000 2009,en
11262,49157340,1040,415,Sat Jun 20 23:27:29 +0000 2009,en
11290,431100994,1565,283,Wed Dec 07 22:38:34 +0000 2011,en
11295,36731590,1137,335,Thu Apr 30 18:18:56 +0000 2009,en
11299,1582128271,1668,205,Wed Jul 10 03:34:47 +0000 2013,en
11371,101825287,1007,437,Mon Jan 04 18:11:53 +0000 2010,en
11427,116448482,1251,308,Mon Feb 22 13:51:53 +0000 2010,en
11468,15388042,1330,378,Fri Jul 11 05:33:20 +0000 2008,en
11532,2410032619,1272,183,Tue Mar 25 03:55:24 +0000 2014,en
11541,17266198,1654,495,Sun Nov 09 07:31:00 +0000 2008,en
11558,459050534,1849,231,Mon Jan 09 07:08:01 +0000 2012,en
11616,242965065,1118,393,Wed Jan 26 00:35:15 +0000 2011,en
11618,268651352,1777,478,Sat Mar 19 05:50:20 +0000 2011,en
11659,2900023413,1631,123,Mon Dec 01 02:06:09 +0000 2014,en
11686,309844773,1221,179,Thu Jun 02 19:28:05 +0000 2011,en
11699,23753656,1070,173,Wed Mar 11 12:18:14 +0000 2009,en
11770,336075979,1190,282,Fri Jul 15 18:11:39 +0000 2011,en
11871,234899340,1101,197,Thu Jan 06 21:13:55 +0000 2011,en
11979,328961541,1086,300,Mon Jul 04 10:08:37 +0000 2011,en
11986,59321980,1325,287,Thu Jul 23 01:41:47 +0000 2009,en
12012,21092528,1294,437,Tue Feb 17 14:30:43 +0000 2009,en
12094,539325012,1767,283,Wed Mar 28 17:43:57 +0000 2012,en
12113,292944606,1991,373,Wed May 04 14:07:48 +0000 2011,en
12140,486923779,1607,211,Wed Feb 08 20:28:28 +0000 2012,en
12154,21178616,1525,458,Wed Feb 18 08:09:39 +0000 2009,en
12231,16913094,1455,466,Wed Oct 22 21:20:45 +0000 2008,en
12294,36837753,1899,232,Fri May 01 01:09:39 +0000 2009,en
12298,1966062223,1302,323,Thu Oct 17 03:58:05 +0000 2013,en
12330,161148986,1979,397,Wed Jun 30 03:18:36 +0000 2010,en
12349,2884463110,1319,236,Wed Nov 19 17:43:11 +0000 2014,en
12380,168920419,1535,399,Wed Jul 21 03:00:52 +0000 2010,en
12396,363143296,1824,441,Sat Aug 27 16:06:26 +0000 2011,en
12430,19728788,1416,165,Thu Jan 29 19:33:43 +0000 2009,en
12566,175071135,1568,111,Thu Aug 05 15:20:22 +0000 2010,en
12622,398446281,1393,366,Wed Oct 26 02:20:25 +0000 2011,en
12626,394237742,1933,390,Wed Oct 19 19:41:27 +0000 2011,en
12681,1262275046,1158,495,Tue Mar 12 15:48:08 +0000 2013,en
12816,22729819,1620,477,Wed Mar 04 03:54:51 +0000 2009,en
12880,310015608,1411,337,Fri Jun 03 02:02:15 +0000 2011,en
12927,2163279666,1236,112,Tue Oct 29 17:46:54 +0000 2013,en
12946,426809736,1346,387,Fri Dec 02 18:37:36 +0000 2011,en
12954,64462470,1975,159,Mon Aug 10 17:41:58 +0000 2009,en
12989,553863817,1480,295,Sat Apr 14 21:54:26 +0000 2012,en
13037,1303141801,1510,312,Tue Mar 26 09:00:44 +0000 2013,ko
13082,273459512,1313,420,Mon Mar 28 14:49:00 +0000 2011,en
13095,102803873,1681,310,Thu Jan 07 22:03:49 +0000 2010,en
13130,215905007,1027,269,Mon Nov 15 07:14:12 +0000 2010,en
13167,39140979,1018,471,Mon May 11 00:05:05 +0000 2009,en
13325,2361103093,1217,310,Tue Feb 25 13:35:08 +0000 2014,en
13393,125840893,1215,264,Wed Mar 24 01:34:06 +0000 2010,en
13473,1340232817,1109,186,Tue Apr 09 21:07:19 +0000 2013,en
13525,16051828,1976,362,Sat Aug 30 05:08:24 +0000 2008,en
13546,69065230,1506,160,Wed Aug 26 19:05:18 +0000 2009,en
13587,349634236,1746,323,Sat Aug 06 12:37:40 +0000 2011,en
13598,24427864,1039,200,Sat Mar 14 20:52:26 +0000 2009,en
13668,15861230,1950,288,Fri Aug 15 08:10:31 +0000 2008,en
13713,454233704,1517,246,Tue Jan 03 19:28:21 +0000 2012,en
13719,26420738,1394,269,Wed Mar 25 03:37:06 +0000 2009,en
13726,29365544,1483,184,Tue Apr 07 03:07:56 +0000 2009,en
13755,114749081,1329,133,Tue Feb 16 13:49:53 +0000 2010,en
13818,62952071,1399,186,Tue Aug 04 22:41:59 +0000 2009,en
13819,23081351,1904,352,Fri Mar 06 16:10:54 +0000 2009,en
13924,19372353,1683,288,Fri Jan 23 00:31:46 +0000 2009,en
13953,1443911,1186,333,Sun Mar 18 21:21:46 +0000 2007,en
13968,156056293,1253,165,Tue Jun 15 22:26:07 +0000 2010,en
14042,1397144792,1298,347,Thu May 02 12:59:43 +0000 2013,en
14075,41483740,1641,148,Wed May 20 23:56:24 +0000 2009,en
14094,34939401,1059,409,Fri Apr 24 14:33:43 +0000 2009,en
14104,107589114,1682,433,Sat Jan 23 02:23:43 +0000 2010,en
14178,23408593,1736,139,Mon Mar 09 06:10:32 +0000 2009,en
14180,222144134,1818,260,Thu Dec 02 15:49:05 +0000 2010,en
14192,17388080,1108,294,Fri Nov 14 14:31:28 +0000 2008,en
14209,2225660432,1724,274,Sun Dec 01 22:15:11 +0000 2013,en
14242,254279527,1514,154,Sat Feb 19 00:17:10 +0000 2011,en
14288,575398878,1743,105,Wed May 09 12:37:32 +0000 2012,en
14305,325857039,1242,328,Wed Jun 29 00:10:08 +0000 2011,en
14333,273598262,1004,200,Mon Mar 28 20:07:52 +0000 2011,en
14339,36188083,1749,441,Tue Apr 28 21:24:13 +0000 2009,en
14410,16440518,1277,319,Wed Sep 24 20:24:03 +0000 2008,en
14463,363140780,1302,400,Sat Aug 27 16:01:18 +0000 2011,en
14506,49614068,1415,342,Mon Jun 22 12:31:39 +0000 2009,en
14572,17903266,1303,344,Fri Dec 05 18:00:35 +0000 2008,en
14586,17298298,1062,289,Mon Nov 10 23:49:56 +0000 2008,en
14641,72945644,1036,472,Wed Sep 09 20:41:54 +0000 2009,en
14650,357684818,1153,494,Thu Aug 18 19:08:08 +0000 2011,en
14653,51374505,1598,118,Sat Jun 27 07:10:04 +0000 2009,en
14699,20778179,1078,105,Fri Feb 13 15:33:32 +0000 2009,en
14704,18288876,1581,322,Sun Dec 21 17:35:41 +0000 2008,en
14731,2962274537,1494,464,Mon Jan 05 16:12:26 +0000 2015,en
14778,382079930,1230,389,Thu Sep 29 13:16:20 +0000 2011,en
14820,564166062,1996,229,Thu Apr 26 22:16:20 +0000 2012,en
14838,393481389,1122,291,Tue Oct 18 16:08:46 +0000 2011,en
14877,20959509,1184,382,Mon Feb 16 03:26:30 +0000 2009,en
14894,292394146,1273,394,Tue May 03 15:43:23 +0000 2011,it
14936,493830863,1090,274,Thu Feb 16 07:25:27 +0000 2012,en
15031,241948855,1155,271,Sun Jan 23 15:14:22 +0000 2011,en
15040,58842416,1772,182,Tue Jul 21 16:31:39 +0000 2009,en
15066,3107499705,1358,312,Mon Mar 23 12:43:13 +0000 2015,en
15092,907144981,1711,393,Sat Oct 27 01:34:50 +0000 2012,en
15172,147935095,1212,383,Tue May 25 12:23:28 +0000 2010,en
15173,1193393012,1156,400,Mon Feb 18 14:46:53 +0000 2013,en
15250,485172405,1188,166,Mon Feb 06 22:30:07 +0000 2012,en
15255,484251592,1516,464,Sun Feb 05 22:13:44 +0000 2012,en
15265,16797022,1840,308,Wed Oct 15 23:44:29 +0000 2008,en
15285,1264040353,1974,371,Wed Mar 13 09:40:16 +0000 2013,en
15316,2883118643,1907,304,Tue Nov 18 20:49:37 +0000 2014,en
15392,99811678,1555,152,Sun Dec 27 23:57:36 +0000 2009,en
15408,184621488,1359,436,Mon Aug 30 01:41:01 +0000 2010,en
15425,457597418,1123,254,Sat Jan 07 16:03:06 +0000 2012,en
15427,34152206,1078,429,Wed Apr 22 02:41:37 +0000 2009,en
15518,210318051,1085,155,Sun Oct 31 04:06:50 +0000 2010,en
15539,571978114,1491,133,Sat May 05 18:29:50 +0000 2012,en
15557,142137035,1037,280,Mon May 10 02:26:41 +0000 2010,en
15590,1673381282,1178,183,Thu Aug 15 15:01:54 +0000 2013,en
15597,1414537802,1221,154,Thu May 09 04:10:18 +0000 2013,en
15612,451639706,1480,185,Sat Dec 31 20:05:15 +0000 2011,en
15673,23332153,1026,347,Sun Mar 08 17:50:12 +0000 2009,en
15676,591964833,1336,159,Sun May 27 14:49:36 +0000 2012,en
15690,69373831,1549,323,Thu Aug 27 19:03:28 +0000 2009,en
15692,44430741,1145,425,Wed Jun 03 19:13:34 +0000 2009,en
15725,2928201676,1192,484,Wed Dec 17 22:01:21 +0000 2014,en
15740,2425738400,1891,410,Thu Apr 03 14:52:07 +0000 2014,en
15743,109340395,1159,235,Thu Jan 28 18:53:35 +0000 2010,en
15747,2326195717,1579,440,Mon Feb 03 23:43:48 +0000 2014,en
15827,109440495,1222,468,Fri Jan 29 02:05:22 +0000 2010,en
15848,2251020037,1969,489,Tue Dec 17 21:48:42 +0000 2013,en
15866,48582584,1014,331,Fri Jun 19 02:35:58 +0000 2009,en
15871,62933995,1995,360,Tue Aug 04 21:29:22 +0000 2009,en
15889,20891065,1557,295,Sun Feb 15 03:48:24 +0000 2009,en
15909,326239371,1374,238,Wed Jun 29 16:14:26 +0000 2011,en
15933,19593351,1101,257,Tue Jan 27 14:16:19 +0000 2009,en
16026,2905351184,1945,338,Thu Nov 20 17:06:08 +0000 2014,en
16030,267018018,1161,462,Wed Mar 16 05:45:55 +0000 2011,en
16032,37385776,1415,104,Sun May 03 07:49:35 +0000 2009,en
16092,126011912,1596,301,Wed Mar 24 15:20:35 +0000 2010,en
16098,29204185,1784,140,Mon Apr 06 13:57:06 +0000 2009,en
16106,599503354,1789,321,Mon Jun 04 19:33:41 +0000 2012,en
16174,2272031215,1167,376,Wed Jan 01 19:45:11 +0000 2014,en
16196,29271512,1346,266,Mon Apr 06 19:21:07 +0000 2009,en
16209,129791388,1379,149,Mon Apr 05 12:10:00 +0000 2010,en
16210,15173738,1742,347,Thu Jun 19 21:48:01 +0000 2008,en
16217,1117015490,1492,317,Thu Jan 24 15:07:56 +0000 2013,en
16259,488019620,1432,337,Fri Feb 10 00:17:23 +0000 2012,en
16283,14111127,1613,484,Mon Mar 10 03:14:52 +0000 2008,en
16423,45202110,1906,405,Sat Jun 06 20:01:05 +0000 2009,en
16442,76035270,1858,274,Mon Sep 21 14:06:55 +0000 2009,en
16482,24528365,1220,386,Sun Mar 15 14:16:37 +0000 2009,en
16501,419871985,1696,294,Wed Nov 23 22:11:04 +0000 2011,it
16521,69357767,1236,425,Thu Aug 27 17:58:57 +0000 2009,en
16524,167438813,1284,225,Fri Jul 16 16:00:23 +0000 2010,en
16586,103108640,1119,202,Fri Jan 08 22:51:03 +0000 2010,en
16611,473430143,1572,413,Tue Jan 24 23:49:42 +0000 2012,en
16625,1067714802,1307,446,Mon Jan 07 07:53:59 +0000 2013,en
16630,114000905,1758,214,Sat Feb 13 19:15:51 +0000 2010,en
16667,102054537,1132,484,Tue Jan 05 13:01:35 +0000 2010,en
16681,22703429,1645,155,Wed Mar 04 00:01:24 +0000 2009,en
16780,134851396,1141,273,Mon Apr 19 16:42:26 +0000 2010,en
16879,18931904,1316,349,Tue Jan 13 07:09:04 +0000 2009,en
16978,480872337,1777,266,Thu Feb 02 00:59:55 +0000 2012,en
17026,24312086,1027,358,Sat Mar 14 02:35:00 +0000 2009,en
17113,22134083,1763,421,Fri Feb 27 12:23:31 +0000 2009,en
17160,109725408,1748,352,Sat Jan 30 01:43:57 +0000 2010,en
17163,30066364,1543,120,Thu Apr 09 21:00:48 +0000 2009,en
17168,16088285,1412,263,Mon Sep 01 21:38:09 +0000 2008,en
17181,280512296,1383,352,Mon Apr 11 13:37:00 +0000 2011,en
17237,160329209,1972,356,Sun Jun 27 21:52:02 +0000 2010,en
17259,115402745,1437,485,Thu Feb 18 15:04:37 +0000 2010,en
17363,263647215,1467,312,Thu Mar 10 13:15:23 +0000 2011,en
17392,105181623,1109,448,Fri Jan 15 16:09:58 +0000 2010,en
17438,124816474,1786,497,Sat Mar 20 17:25:38 +0000 2010,en
17458,36842079,1379,359,Fri May 01 01:25:35 +0000 2009,en
17541,448510429,1144,197,Wed Dec 28 02:43:12 +0000 2011,en
17581,506858125,1185,342,Tue Feb 28 04:14:45 +0000 2012,en
17678,175400197,1052,470,Fri Aug 06 14:10:35 +0000 2010,en
17681,56987544,1337,433,Wed Jul 15 11:03:59 +0000 2009,en
17696,2983245271,1637,398,Wed Jan 14 20:09:33 +0000 2015,en
17697,304654862,1070,269,Tue May 24 21:53:25 +0000 2011,en
17710,35448592,1980,149,Sun Apr 26 11:33:02 +0000 2009,en
17718,231126326,1997,238,Mon Dec 27 17:31:37 +0000 2010,en
17721,138750068,1465,141,Fri Apr 30 13:36:08 +0000 2010,en
17722,21235486,1838,257,Wed Feb 18 20:11:28 +0000 2009,en
17775,24314714,1129,125,Sat Mar 14 02:51:44 +0000 2009,en
17779,2252774689,1668,329,Thu Dec 19 01:11:27 +0000 2013,en
17799,904767654,1906,149,Thu Oct 25 22:14:01 +0000 2012,en
17815,18434704,1125,497,Sun Dec 28 21:30:46 +0000 2008,en
17868,432763933,1636,254,Fri Dec 09 19:11:15 +0000 2011,en
17910,383374250,1172,448,Sat Oct 01 19:27:27 +0000 2011,en
17958,83935810,1207,404,Tue Oct 20 22:01:40 +0000 2009,en
17963,1596148664,1298,299,Mon Jul 15 15:51:06 +0000 2013,en
18033,1328212934,1125,219,Fri Apr 05 02:16:05 +0000 2013,en
18045,84615425,1465,133,Fri Oct 23 15:21:12 +0000 2009,en
18049,2809129864,1760,419,Sun Oct 05 21:15:52 +0000 2014,en
18053,199742582,1323,442,Thu Oct 07 16:42:29 +0000 2010,en
18056,20890869,1947,462,Sun Feb 15 03:43:15 +0000 2009,en
18066,63563043,1693,428,Thu Aug 06 22:43:52 +0000 2009,en
18172,34367366,1104,330,Wed Apr 22 19:19:35 +0000 2009,en
18218,49228583,1904,193,Sun Jun 21 04:18:34 +0000 2009,en
18288,312093132,1669,451,Mon Jun 06 15:34:31 +0000 2011,en
18290,2616580429,1314,274,Fri Jul 11 02:41:38 +0000 2014,en
18395,69546677,1919,260,Fri Aug 28 09:17:40 +0000 2009,es
18408,33981467,1237,236,Tue Apr 21 17:57:32 +0000 2009,en
18483,54867849,1626,246,Wed Jul 08 11:24:52 +0000 2009,en
18568,14380130,1071,140,Mon Apr 14 02:08:22 +0000 2008,en
18609,305202284,1490,182,Wed May 25 20:28:55 +0000 2011,en
18612,72770853,1841,352,Wed Sep 09 05:08:32 +0000 2009,en
18656,1651709731,1710,185,Wed Aug 07 01:16:54 +0000 2013,en
18659,248234228,1724,204,Sun Feb 06 15:14:21 +0000 2011,en
18669,716290129,1681,172,Wed Jul 25 15:46:22 +0000 2012,en
18716,2389709155,1632,170,Fri Mar 14 19:18:03 +0000 2014,en
18723,57413259,1082,308,Thu Jul 16 18:55:19 +0000 2009,en
18730,154139430,1175,121,Thu Jun 10 13:35:55 +0000 2010,en
18760,37137258,1436,490,Sat May 02 04:09:40 +0000 2009,en
18766,331690801,1417,491,Fri Jul 08 15:35:09 +0000 2011,en
18784,14295569,1792,412,Thu Apr 03 18:26:44 +0000 2008,en
18805,261325652,1169,447,Sat Mar 05 18:37:59 +0000 2011,en
18816,132291374,1029,256,Mon Apr 12 20:56:08 +0000 2010,en
18894,26793841,1051,292,Thu Mar 26 17:04:04 +0000 2009,en
18904,2147825040,1058,381,Mon Oct 21 21:02:07 +0000 2013,en
18935,39095957,1436,290,Sun May 10 19:14:50 +0000 2009,en
18964,2329092852,1037,119,Wed Feb 05 17:16:37 +0000 2014,en
18972,1025077550,1923,348,Thu Dec 20 21:38:12 +0000 2012,en
19022,75150645,1584,310,Thu Sep 17 23:57:30 +0000 2009,en
19029,23894420,1933,474,Thu Mar 12 04:10:11 +0000 2009,en
19105,115792599,1348,108,Sat Feb 20 00:04:01 +0000 2010,en
19152,469610782,1301,246,Fri Jan 20 19:53:11 +0000 2012,en
19198,19102436,1756,311,Sat Jan 17 05:37:08 +0000 2009,en
19199,19137014,1379,237,Sun Jan 18 05:13:13 +0000 2009,en
19204,89299553,1349,154,Wed Nov 11 22:21:48 +0000 2009,en
19238,214073707,1959,266,Wed Nov 10 14:09:17 +0000 2010,en
19254,15688547,1988,115,Fri Aug 01 12:43:49 +0000 2008,en
19273,488052474,1663,203,Fri Feb 10 01:14:08 +0000 2012,en
19299,492607071,1143,435,Tue Feb 14 22:33:31 +0000 2012,en
19366,346389650,1950,332,Mon Aug 01 05:34:52 +0000 2011,en
19368,346892589,1490,481,Tue Aug 02 00:24:19 +0000 2011,en
19420,151574869,1674,244,Thu Jun 03 18:41:27 +0000 2010,en
19432,17841033,1408,262,Wed Dec 03 16:51:59 +0000 2008,en
19470,22036565,1383,175,Thu Feb 26 17:40:30 +0000 2009,en
19500,371501976,1267,384,Sun Sep 11 00:12:45 +0000 2011,en
19502,114207661,1178,220,Sun Feb 14 14:50:50 +0000 2010,en
19513,25447696,1766,396,Fri Mar 20 03:05:43 +0000 2009,en
19545,120518554,1152,164,Sat Mar 06 17:44:32 +0000 2010,en
19566,250328124,1217,325,Thu Feb 10 21:49:33 +0000 2011,en
19744,68214846,1189,442,Sun Aug 23 19:23:22 +0000 2009,en
19766,36086607,1273,281,Tue Apr 28 15:03:07 +0000 2009,en
19843,206496034,1531,450,Sat Oct 23 02:35:01 +0000 2010,en
19848,556223581,1118,211,Tue Apr 17 19:34:08 +0000 2012,en
19877,45618406,1066,360,Mon Jun 08 17:29:58 +0000 2009,en
19884,2533374678,1168,204,Thu May 29 20:53:54 +0000 2014,en
20035,502219956,1442,499,Fri Feb 24 22:55:25 +0000 2012,en
20036,3367956359,1645,143,Thu Jul 09 17:25:50 +0000 2015,en
20058,274164368,1750,119,Tue Mar 29 21:17:43 +0000 2011,en
20091,39371046,1799,322,Mon May 11 23:18:15 +0000 2009,en
20099,50088703,1987,302,Tue Jun 23 20:18:02 +0000 2009,en
20129,74825169,1206,269,Wed Sep 16 20:12:01 +0000 2009,en
20178,552065851,1732,263,Thu Apr 12 18:24:01 +0000 2012,en
20235,2389322204,1249,478,Fri Mar 14 15:37:39 +0000 2014,en
20243,1713114559,1859,273,Fri Aug 30 15:53:13 +0000 2013,en
20311,30290791,1061,336,Fri Apr 10 19:25:00 +0000 2009,en
20348,612862560,1377,330,Tue Jun 19 19:06:40 +0000 2012,en
20372,574019323,1188,494,Mon May 07 22:35:56 +0000 2012,en
20491,310035051,1203,188,Fri Jun 03 02:52:54 +0000 2011,en
20505,444464812,1259,371,Fri Dec 23 08:43:53 +0000 2011,en
20542,347450046,1339,203,Tue Aug 02 20:29:50 +0000 2011,en
20546,101655098,1144,156,Mon Jan 04 04:12:41 +0000 2010,en
20547,158169343,1941,181,Mon Jun 21 23:57:25 +0000 2010,en
20577,3010221402,1753,410,Thu Feb 05 14:10:45 +0000 2015,en
20646,1609374734,1898,338,Sun Jul 21 00:47:17 +0000 2013,en
20685,2901477089,1404,239,Mon Dec 01 23:36:02 +0000 2014,en
20697,87542929,1838,167,Wed Nov 04 21:52:40 +0000 2009,en
20717,2494724053,1189,227,Wed May 14 19:29:40 +0000 2014,en
20760,704250462,1193,325,Thu Jul 19 03:08:54 +0000 2012,en
20807,306080433,1356,282,Fri May 27 07:41:36 +0000 2011,en
20824,2894733795,1200,408,Thu Nov 27 15:50:39 +0000 2014,en
20848,16175650,1753,379,Sun Sep 07 23:47:17 +0000 2008,en
20898,389624946,1743,167,Wed Oct 12 18:48:49 +0000 2011,en
20914,52845734,1077,180,Wed Jul 01 20:47:00 +0000 2009,en
20947,221637650,1656,445,Wed Dec 01 05:25:25 +0000 2010,en
20973,50962105,1308,155,Fri Jun 26 07:23:31 +0000 2009,en
21117,729653510,1299,383,Wed Aug 01 01:14:06 +0000 2012,en
21130,97803194,1585,427,Sat Dec 19 02:53:28 +0000 2009,en
21133,48469903,1417,290,Thu Jun 18 20:02:35 +0000 2009,en
21166,2967119237,1283,370,Thu Jan 08 02:26:59 +0000 2015,en
21187,250185710,1458,437,Thu Feb 10 16:01:20 +0000 2011,en
21205,985420748,1765,290,Sun Dec 02 21:32:48 +0000 2012,en
21239,2937218885,1789,206,Mon Dec 22 17:29:01 +0000 2014,en
21429,14413010,1900,302,Wed Apr 16 21:15:39 +0000 2008,en
21508,592899289,1541,307,Mon May 28 17:13:12 +0000 2012,en
21663,71644329,1254,353,Fri Sep 04 21:29:57 +0000 2009,en
21668,231118175,1583,278,Mon Dec 27 17:03:36 +0000 2010,en
21674,55724388,1438,325,Sat Jul 11 01:41:29 +0000 2009,en
21678,208177815,1272,177,Tue Oct 26 19:56:54 +0000 2010,en
21681,125706625,1173,383,Tue Mar 23 16:15:45 +0000 2010,en
21755,18089068,1429,284,Fri Dec 12 23:39:15 +0000 2008,en
21797,472472650,1225,334,Tue Jan 24 00:10:04 +0000 2012,en
21848,61239011,1095,108,Wed Jul 29 16:49:49 +0000 2009,en
21858,358013788,1694,268,Fri Aug 19 07:08:26 +0000 2011,en
21864,73485051,1094,493,Fri Sep 11 21:09:29 +0000 2009,en
21865,623968625,1807,205,Sun Jul 01 18:20:30 +0000 2012,en
21875,56777838,1723,491,Tue Jul 14 18:47:10 +0000 2009,en
21885,19057948,1650,212,Fri Jan 16 06:52:02 +0000 2009,en
21948,1528669104,1794,411,Tue Jun 18 19:55:25 +0000 2013,en
21967,16689338,1978,106,Fri Oct 10 21:28:00 +0000 2008,en
21985,2884598650,1039,126,Wed Nov 19 19:01:21 +0000 2014,en
22016,116050553,1640,350,Sun Feb 21 00:07:42 +0000 2010,en
22067,2554870803,1052,323,Tue May 20 03:52:39 +0000 2014,en
22071,121238207,1153,356,Mon Mar 08 21:56:48 +0000 2010,en
22126,316165422,1533,233,Mon Jun 13 01:36:11 +0000 2011,en
22148,139537412,1643,367,Sun May 02 23:15:12 +0000 2010,en
22182,2966992750,1385,291,Thu Jan 08 00:03:49 +0000 2015,en
22287,1325256631,1225,166,Wed Apr 03 18:58:06 +0000 2013,en
22333,333498157,1255,491,Mon Jul 11 16:47:03 +0000 2011,en
22340,62941254,1715,205,Tue Aug 04 21:57:13 +0000 2009,en
22354,23590468,1859,195,Tue Mar 10 13:26:08 +0000 2009,en
22394,1488339912,1821,125,Thu Jun 06 18:11:04 +0000 2013,en
22418,329208789,1471,353,Mon Jul 04 18:12:07 +0000 2011,en
22432,355291217,1375,328,Mon Aug 15 03:49:24 +0000 2011,en
22561,334824599,1123,249,Wed Jul 13 18:39:31 +0000 2011,en
22566,159547694,1691,352,Fri Jun 25 17:52:01 +0000 2010,en
22610,46695032,1633,135,Fri Jun 12 17:00:31 +0000 2009,en
22643,729052446,1129,339,Tue Jul 31 19:22:37 +0000 2012,en
22723,36632865,1368,418,Thu Apr 30 10:14:01 +0000 2009,en
22725,69309895,1154,119,Thu Aug 27 14:49:27 +0000 2009,en
22767,352000026,1004,263,Wed Aug 10 00:50:41 +0000 2011,en
22790,50870890,1749,155,Fri Jun 26 01:50:50 +0000 2009,en
22797,6633952,1804,134,Thu Jun 07 03:56:30 +0000 2007,en
22807,989186750,1751,202,Tue Dec 04 17:17:34 +0000 2012,en
22880,334245076,1078,417,Tue Jul 12 20:03:29 +0000 2011,en
22917,23101159,1446,211,Fri Mar 06 18:48:01 +0000 2009,en
22959,42061954,1987,406,Sat May 23 17:21:32 +0000 2009,en
22984,18407451,1629,296,Sat Dec 27 13:01:06 +0000 2008,en
22987,117165632,1714,346,Wed Feb 24 19:04:53 +0000 2010,en
23044,622453494,1076,470,Sat Jun 30 00:50:07 +0000 2012,en
23048,20885975,1134,450,Sun Feb 15 01:44:28 +0000 2009,en
23057,1042665090,1614,429,Fri Dec 28 17:08:21 +0000 2012,en
23148,415198831,1803,267,Fri Nov 18 01:19:22 +0000 2011,en
23163,53941120,1039,153,Sun Jul 05 16:14:54 +0000 2009,en
23179,174290837,1622,391,Tue Aug 03 15:39:24 +0000 2010,en
23187,1378251296,1403,486,Wed Apr 24 23:52:26 +0000 2013,en
23206,15980620,1266,388,Mon Aug 25 12:29:41 +0000 2008,en
23217,49778115,1011,376,Mon Jun 22 21:48:07 +0000 2009,en
23233,33535360,1517,371,Mon Apr 20 14:50:51 +0000 2009,en
23301,85638967,1006,204,Tue Oct 27 19:15:03 +0000 2009,en
23314,17938955,1976,405,Sun Dec 07 09:34:03 +0000 2008,en
23317,26964222,1253,452,Fri Mar 27 06:42:46 +0000 2009,en
23352,19758452,1374,427,Fri Jan 30 07:38:43 +0000 2009,en
23448,28223354,1812,262,Wed Apr 01 23:16:33 +0000 2009,en
23459,113122426,1518,228,Wed Feb 10 19:44:03 +0000 2010,en
23523,26775736,1565,463,Thu Mar 26 15:39:22 +0000 2009,en
23653,1666437788,1626,142,Tue Aug 13 01:15:26 +0000 2013,en
23661,18281189,1374,269,Sun Dec 21 07:45:06 +0000 2008,en
23763,281291302,1846,439,Wed Apr 13 00:55:58 +0000 2011,en
23780,106226879,1527,335,Mon Jan 18 22:14:30 +0000 2010,en
23784,15210339,1065,279,Mon Jun 23 18:50:58 +0000 2008,en
23795,58399757,1714,479,Mon Jul 20 05:30:26 +0000 2009,ja
23830,293101518,1981,276,Wed May 04 19:19:31 +0000 2011,en
23921,29298099,1128,312,Mon Apr 06 21:28:22 +0000 2009,en
23947,1361191921,1038,416,Thu Apr 18 06:22:38 +0000 2013,en
23950,85689484,1714,125,Tue Oct 27 23:18:32 +0000 2009,en
23991,66871799,1065,268,Wed Aug 19 01:41:47 +0000 2009,en
23994,55987310,1158,128,Sun Jul 12 01:51:10 +0000 2009,en
24080,3004211717,1235,470,Thu Jan 29 16:59:55 +0000 2015,en
24094,23410387,1095,416,Mon Mar 09 06:41:46 +0000 2009,en
24109,1191587605,1629,200,Mon Feb 18 00:32:00 +0000 2013,en
24133,14159846,1903,328,Sun Mar 16 22:34:20 +0000 2008,en
24195,244723246,1257,245,Sun Jan 30 00:19:16 +0000 2011,en
