id,followers,friends
122994855,"[4847632145,985253207650848768,969563837694226434,279220243,344686533,979504052148035584,2538862288,974841394597687296,40262562,959814513867546626,563946002,24298740,105993267,1485029462,969080784672915457,915452723117658114,185408588,55139098,4605992241,3107509399,839062163436236800,50016904,488846005,966781707365113856,272005759,888549759778263045,22686121,136788887,876544925868883968,332492813,861351894249230337,2835440601,47782111,27608225,956099262219280384,906402613247098880,3220023752,2207918077,239504757,756181732760641536,962326496919437313,28223924,2317274767,303949965,542257505,22239212,907270649613312000,594175317,957214199771475971,738911237367422976,934098756257173505,59297503,899969432193290250,954991232622694401,701502315212066816,902961812030742528,924699867506724864,14416109,832959982530338818,337764690,950484903635963907,62910994,1069127232,949143330973130752,868401995119341568,403032269,21966756,63476347,938881958855053312,940196458812362753,935889048371122177,20786079,2860980235,46771770,936056330393214977,15848824,852285303226339328,174953869,3435081873,2317812426,46483270,853794482,725445977553793025,560725438,899841603732459520,839478863356817413,290612472,925687309911048192,842063900069748736,2348077500,928799708142800897,34438002,1888207129,1620965394,724965928182636546,926919755914731520,17592291,921598168525029382,2515149524,924177379643273216]","[55139098,964531745893863425,407464670,4705692196,899969432193290250,14142000,22928737,15039583,28360658,47343502,101996227,42628524,244266650,23790958,54781907,236610403,997783117,3439517429,16800811,1266924426,1565907600,21795022,89542309,20733349,463250904,11342502,300359310,2548629139,77024036,15921584,207773875,21109556,20437286,819224053919739904,20202335,15147042,16405372,139785310,139159452,370898694,317370751,618295487,19263978,145307850,405676803,4267082849,170919460,40455685,870205638,58708289,33150288,355523149,55573873,487003995,22891564,369096389,50205873,28382675,74765623,26527127,292501997,16724890,10430722,1428569954,430048955,15339568,22801917,56346444,23701930,25525693,200709323,2307427692,184241421,158748736,1069348076,598573879,48490599,243676449,18215973,336091450,284082297,381643393,384457134,1077065203,784523119,92183278,14816237,259353171,72360510,23911915,91848357,31997610,52626929,14255427,57750410,59669635,310848070,183777696,29130250,16196492]"
229596604,"[960893318292037634,1537364828,247770444,708720589897383937,1607077230,235610841,960911705021743104,92895347,734832635688714245,947340209175146496,500324443,983838012290281473,980412535886237696,984362707867570176,849370470684254208,834642576959479809,973583881130663936,976992472868970496,983267123597279232,967782807811522565,3254047606,446132609,964616721247162368,873216268773593088,979453562039230465,981203196486889473,22869663,589511830,879797804453023744,77352228,1146358172,3312124672,965943477640073216,3009871927,17846444,555460373,623583708,4708232778,16703058,831651493329580032,25747814,1489283060,974316127051571201,973272579669667840,3420016992,861435127,953649784610545664,33597746,865938914430730242,916322392410075138,972161918055133184,972265968608120832,971611000939208704,950066895629189120,3162853197,972123290448908288,971732159915610112,971333688976953345,817595296297418752,42063881,822040230,968549206825807872,970131123589263360,78729783,966384829687320576,963791238704062464,969247678520578048,46315077,26296615,3127848671,888106742617219072,451546617,2382882206,103900026,966313474371604480,3280683548,280474225,204355437,1537114890,315596243,936270253277007877,959838137802371072,962892651723976705,1345822466,961963673869746176,1931667091,961593231980093442,15273001,3435554675,30964721,1614075091,960490912739717120,3084229300,537089226,1670731297,743869197273292800,930737170108653569,48972207,956973373208358913,915631213800558595]","[1607077230,69431084,15722673,967782807811522565,137407124,29770501,65698096,971611000939208704,306527400,46315077,487727825,42314856,817661098988019712,20076659,16613128,33611715,142849883,3196509656,715194876963528704,1917731,525636026,343041182,2853322953,14844867,217543151,930156806,832612650173493248,2569365247,80061207,2305566054,263453699,920789748368601088,911302336307490816,23970626,3094569115,4717892303,39308549,11766782,909376792129163264,16302354,2796174142,2920334210,1539931430,1131917492,77001991,19417492,25517146,85606078,47437206,842072478834909184,435396679,39384517,36404128,88784440,719461957,1283723094,22032000,822215679726100480,4821383453,251397498,2298534750,18029328,193160214,1582853809,1594736510,76438819,3335679053,369690065,266006481,2908170952,2382685057,141313671,20065096,14616304,2468238230,2316003960,256386408,4608269780,283078892,36053459,457984599,2825966488,4441661415,34109146,24710024,17904807,591973307,51241574,833963088,130600206,1209148250,16370676,36529101,4057797029,274255909,89460898,3836567859,263313059,24051377,55815964]"
293274246,"[86584390,829514767815446528,46476526,2763307171,4756413197,4358177186,150787115,1970256864,3372325253,3676684516,528373337,3435905465,2271142786,2807542987,624115434,3386341431,344270742,3348969537,194581517,232462789,1353334514,2960216764,28705807,611466681,1316143482,2963935977,1327816886,62392237,272296141,2514327602,359290176,301339467,1687669832,513643368,1408180579,374569123,2720499176,3361287628,2234304056,1052830682,3225797118,2170162849,2316563648,3256884264,3368561877,1451060570,839892632,613205437,33932036,192406120,79452776,189710534,3354405797,754304323,348049173,775079984,73042799,3148445048,2859258965,49173072,1175179428,2515297716,1722448537,3119970834,2377651609,3231522991,3169355258,225212175,3225719097,2347311265,798250560,3331354251,917610344,3254615241,711808821,189197486,345005688,1872419905,3080207855,368612893,27222520,636178878,34307158,3037344784,363472894,2266839152,18853536,259082252,468460833,3346266731,35514767,88884198,2543619421,18754296,19164499,1342500132,383251432,3337735396,3234623751,146139991]","[229385617,2990351733,356264723,237048406,79866560,870980580,55659987,288717884,102742011,332657163,1631240347,384518383,301794269,390905408,107611229,898564909,110234943,162609404,2380026891,620126097,2535661333,944905230,217634152,1638301561,301064790,2658070706,386632594,3115762359,63885161,1458681792,379578118,321173654,341357615,1220024010,1616771953,125982986,2437097306,47336979,18775482,17622705,21982677,854902633,241818989,1268314224,53210455,67815565,1506991172,739828292,2919910279,23553963,936894499,29786589,32600706,17881816,263315783,418355221,448119921,22738051,30438130,2209815486,182384817,87403396,37599351,747245726,18131864,844473619,30206035,358934985,415728346,2436867199,106817676,323859672,16557087,1345799390,2204273148,872164718,99118526,2443823527,2247566484,60833031,81422469,346760784,540490680,2173856581,878756299,451691647,2841325512,347004480,326439730,373713272,28443923,792999583,1679706217,288119204,892115894,2942098307,208568172,67373106,437616211,2185113224]"
317309166,"[121231141,963233447174115328,1976515178,3867911008,107444657,982259689109909505,35199169,15668861,983878112550293506,799960321603604481,833721872478982144,2332117465,957044740213608448,978039947037995008,981359780781490176,763418420205551616,4544109078,845779353661267968,1849366650,248396548,978726868911304704,978671303220781056,958150445234614272,886954594152198144,18539072,3009840040,960109321328541696,18432647,34066738,892211847084072960,911243188626739202,1441417592,974697192878493698,924376892,972605429107904512,941721092002951168,4395822733,940215656099778561,394383391,518875577,3750423807,263484851,953657249226002435,968274659232841728,964143967062364160,884358893404663808,964264419793539072,718375439367028737,797664863912886272,17524245,708484729,278852514,23337136,526136662,68157942,817905377165672452,22699286,851032499199381505,1562826410,961287334317772800,2581360378,964845970642137088,912741211982594048,951415741479239680,3104994607,2712232586,915765190452445184,277820269,263734243,240240618,816752817247354880,2504452422,959522541621653504,2176840494,2870900680,592003697,791475092282863616,958816346049011713,959535353727213568,959448874216812546,19653141,845735576863064064,946485781094326272,957281726061039622,2860336358,760257718674345984,935756923806343168,2377830487,118257751,107444340,818193081853943809,956320513604890625,1134731706,1004857255,954783021869207552,1859618210,859540946186366979,954368841823457280,1190787578,175616048]","[916935650,3025266412,2414877518,738376040821719042,39893981,1639241593,4268159897,25528176,41978228,24751297,35778956,65402672,107200917,2528067674,3239346701,37974496,246876217,4898733310,394284564,285618563,4330942037,281227025,11877492,14179819,235997284,709171633,22959072,21529239,100115449,429056099,3019980642,2945105585,629759252,1581140899,159505287,2587787342,605551554,1367531,236496908,344744452,269068209,2610248054,1400708448,135686901,1394937722,52596035,25520894,22527376,20071361,57674145,143890340,2459919896,18740765,2887160021,29748622,2745903805,83922884,1732406046,788103481,36681590,21829541,219379606,4833338333,4858668557,1670763313,211346360,792797630,202231820,102679174,116496141,117827375,20248450,97455945,92099336,18136692,266945920,227004812,492439686,83776946,293046977,91623524,203207314,55302970,724348956,30873225,85654592,916089162,323326279,14258321,306243624,323257927,174731958,57673909,250690180,126086726,20447674,30148694,48134899,318527551,132939070]"
1425763159,"[902002250268147712,2737363235,601535938,982206201654951939,489919847,833721872478982144,45196441,133504705,566710054,1528304256,279210639,45999119,145783714,1621869272,822505575070240771,803050447493885952,602920165,384330450,979730822,2731623863,975884833829347329,797401708737466368,973998275014488064,718119207288901632,944769408509136896,969278770619219970,958483891299504129,974683674301075456,4774391473,874640078303318016,350520758,869976599021592581,114289087,154564817,962335528921178112,17905597,842501808174063616,966830052733317120,121636398,30080773,970515076561227776,1093037551,2163080275,391535900,587940589,17075878,967140735823831040,391795505,19543108,965722024726421504,725743093555679232,30929637,1321187605,956620651,1018758206,964199003188613123,740890326399754240,949209259841146880,963071302763413504,890410782269120513,76069484,467891280,178556421,759084854000615424,960433797584973824,3139004704,4677356054,953031599095922688,2413165301,935016142577569792,111876516,2672472353,955052123024166912,2365781281,137762402,956360011617374208,4577860032,830522771805499392,258064385,3299745883,741327519861743617,938269130062532609,36024586,952013006510133249,302356408,40164665,28178623,950543373525553153,26887619,950363861533696000,947889410221203456,22791916,1752116294,948303832739729408,41622556,844710541847384064,917548845302771717,3977769363,837192244314529793,455809758]","[239101089,2977143428,785481991378481153,3028791033,45196441,36675745,880474976,3102957035,2288912777,27075980,65469862,34715911,106139364,726171560,17131882,822505575070240771,20776505,1621869272,16322617,501775386,474309032,22776999,2876823994,17288548,844710541847384064,39553603,102420809,47623256,3148336176,3302707694,785874526307430400,1450395391,752971711222472704,172051787,1364864402,718119207288901632,3031281028,1686642662,958483891299504129,63876312,761410949722939393,874640078303318016,935899052989968384,3188786766,1537168122,41796216,3139104866,711631762221178880,907260445639233536,114289087,18247062,17905597,26887619,154564817,514739922,2304991753,186037477,21664546,15510999,123312435,849737605759553538,1909063002,27042513,47786101,2893511188,819253697368702977,1416566329,819218095260762116,3338740758,84339984,456978202,611045296,724803221311496192,361372812,116530493,2646675516,50344220,22654469,1632942158,751950727371628544,35940348,600663197,39863949,517896779,63267459,40327911,3743596046,24778454,43903524,1559208697,4302292213,275200328,15667685,812600,529579419,16279673,588064879,15745368,2830051135,33106766]"
22693132,"[3793633156,986831212470824961,35476089,2707584582,932761829826277376,976545175936921600,960041968297496576,326785564,18651025,967617436693553152,24290995,1031885569,707861046,2293759616,156482121,21562276,957739942276349953,957006670210748416,3838783655,938180630155640832,953737093628428289,90015474,892586797204729856,327731522,945765428802084864,96119192,22064771,3332157957,922169461255393280,270502900,914165402699161600,722780659580854272,927335006158098432,31670157,834096117302321154,883158783454609408,750747761151086592,339750418,919329752879697926,2927272111,24227150,14395334,399303018,920904657702195200,859870914632187904,775395391965569024,2733968501,917937894697918465,907239356016070656,65339172,911327359030190086,81457290,1217224147,3240211803,902994056833355776,572277255,904666492289122306,39502875,6329512,903967030109278208,145071750,2823312696,231852779,2394350074,1959960830,894688700583497728,3341250821,893171690800336896,728384468159889408,17704879,36491229,3094370967,437331814,388581413,468185784,835905000949837824,20530304,2945596691,492185110,83464142,52071627,20950775,867563262665150466,864869675360038913,864125660972728321,864077078936813569,859649860647235584,18241444,856317814331846656,69373202,480900509,18514343,1197751,847012003390611457,822166543593275392,252504967,738088184,847535642678513665,171410996,73573945]","[30973,965266179836252161,938180630155640832,22179997,65707359,846812526767751168,920904657702195200,19981036,65339172,3240211803,17137891,53150802,937499232,432599292,31120814,1536684325,826586273825554433,31824920,563340346,32256288,97040343,26091643,58610989,22536055,18736458,21692703,2384095625,266582774,871014848,833849810,26886221,5920532,245203806,23394667,1479840834,562190552,89720430,69939644,1071777608,2332617303,4212060311,431499643,111141045,21867341,3232054991,2178243152,17919972,1093090866,24435245,69373202,2232016410,1536791610,476258341,39426070,613581916,14989742,17280286,223559591,18735040,402113732,383620184,62643312,15361570,260907612,422829398,2903882167,375340663,155961663,355156662,34176543,410201810,20463418,18952673,347926615,83668232,72687434,18622869,1335267692,831846590,24920417,426973441,1967216306,15164565,229175453,14295976,71569841,15007149,325830217,299234123,14074515,15647676,331681951,1649241619,15941955,344955115,90309830,22483298,2240756971,15716568,18893580]"
424409927,"[883710358309019648,932067884695719936,36889519,722069312307998721,955041270967218177,2913729867,729389364615254020,886524699878055936,792184063276752896,329642510,20894567,746712531893260288,982563143204339715,975875798900117506,981596992148209664,755870408470134784,21082924,923199578,949700826657943554,2176339064,3045317409,713015737,17906863,978920503,966330201377595392,35462016,965713209356406784,356685822,127217487,701712709,241222769,421983899,950959617043062784,797957183501647872,2955883691,958405256513236993,3553481892,298299421,151737593,4786071561,1720960315,16908775,45917475,76493480,15792106,950958689418129413,17839521,948254017003638786,84655621,948255316042448897,810617278245040128,808716329398181888,923796661909954560,938962307232813057,186694607,23279209,3169013006,840374359,760163466011414528,881979927406497793,1964971663,2872661847,33461335,216187106,1729827522,41415463,1304108556,58795183,104561629,2729700907,2166661206,40818962,258960093,17517658,794319576,896305885244510208,19834228,3000205525,870708867587493890,766317038759469057,887755326660935681,885582943653171200,451884942,783796062792388608,855193090927316998,872919059528118273,223141825,325663495,2864548701,793958545947561984,841278166677237761,967072975,366730697,797615193056571392,479488115,459581605,2202129450,852794146058153985,35879255,854079871378763776]","[221487721,20253808,45564482,32469289,61206610,29562655,26519347,70742961,1543721646,314065485,975875798900117506,755870408470134784,824869874526679041,1146724122,948946378939609089,637321201,122490839,713015737,93684678,30256559,965266179836252161,806627483072208896,84655621,127217487,948576145548693506,1017637447,241222769,421983899,797957183501647872,103620256,214140713,941510903006154760,298158534,226320142,788862983543853056,45869233,16560657,314797639,2864548701,978920503,2728629757,612966000,412549497,9542972,252751061,20609518,308149975,168932979,1314627823,907123482,833520330954067969,2573480784,4828272875,939091,409486555,471503110,766317038759469057,16547325,23641580,2303751216,12245632,14529929,93069110,19834228,424087650,43464013,872919059528118273,325663495,43951557,778365522,2593403700,2202129450,14616610,258960093,318453381,104589290,17470695,60056154,735603961,14289203,20598720,28191495,297608951,2436559146,174450940,12008602,4852122374,19107878,187306035,826768304861741056,373157754,2800581040,911780719,235667692,51540150,28608699,52544275,811814247747481600,2155563823,1367531]"
972898423,"[959201865819975686,80715478,168304304,19166127,16972589,253618260,978343911952351233,764964540249366528,984550164311326720,971602987821940736,984151904333725698,762363429139001344,89245686,3346326035,983774726031101952,983480962083246081,983372025065541632,982627987421003776,1324478180,281889338,976152272810815488,26868492,976105556174778369,3281772487,116081199,3415482597,979440228225007616,964202541721337857,980098994142552064,979926785084219392,763141789020631040,970708166576029696,599189798,978686513033527296,821106391012306945,956976250005880832,53938557,978392485922709505,977983187715534848,908846634481598465,233603118,242814843,325789632,1094476098,977562130349256704,3452822058,3675258433,2243303448,48681867,24948626,3241657615,938103986,3136098272,966898158893608960,286778674,883001035794653184,394072560,939234898572972032,21696469,920470039874093056,95310256,975091477138235393,716609490817187840,708910451338252288,1006812938,243821969,143946873,1628631631,940900417956958208,1886724180,964227851036778496,1408675314,2325951954,330799633,170906134,250861910,797502729103011845,969651049630859264,931007799487692801,4533739398,182558387,956372057339473920,1390076971,15501622,527513546,126528164,4116975312,935549859184152576,967774817926627329,738395150297255936,876544925868883968,967172242810470405,2802321992,2210189780,1949639946,215339329,925192899700064256,899620783307280384,169562923,32518641]","[24948626,174793500,250861910,281129299,39822711,415925991,26420906,34778231,2471697439,2530772958,887131910614523904,810590628727914496,40300797,19945609,112562633,21233136,16296575,389254912,18741652,18951956,434216833,706003216639488000,18230440,728344273620344832,67673600,16313592,19093936,818123609558294529,783742315282051072,3016321581,1494477246,51970571,1883001314,16793426,816360898910625792,262824330,3515142317,89574535,2414858329,243263882,4833371884,468826038,1232563687,2961510368,31410242,4021366281,281287883,324481819,3366432736,1018512390,3326788718,3338625492,1511313956,877971392,486818565,3384703145,20861802,39119147,51096511,93685870,139576910,168950621,275423164,1621383055,299455807,3298601491,498021508,110808037,56857281,62975890,3153355980,3060231163,2867899557,289589664,1886724180,130914991,1090098283,41632659,580378107,28206508,226634176,36190699,476213099,1325982073,18293999,350441901,1141510609,2591864028,2281003873,280850308,3016148077,2303444108,3012130376,307918048,14219099,28416309,2159737874,109136471,977654990,67643326]"
474091228,"[106934483,98449254,74008104,969578812508917760,976063393135321088,971968538003910656,399145440,59702418,611401893,983781980922941446,960660498202202113,981666299741966340,976259250921058304,17850785,2541732012,979219027670249472,20687105,34149133,19366007,978033460785840129,23235968,971498360917123072,977940608378646531,3334305438,223166587,975843032045154304,716488765,51207021,973611687076139008,787752510,971805421622132736,971159180299112448,485019586,15730231,2890393064,708447889,21762059,771133161946263552,2999755268,763731122962305024,943656311375454208,2155083902,732638092218142720,25549360,25932377,826241528045658112,3408222425,845036646076702720,967504857308520448,967514593642844160,15651634,861026825216159744,625560728,947868428525887488,2492558996,962443269190963200,825805276406218755,248457214,798964170054057984,291959947,36566678,40128222,75145664,937731130324905984,10399712,863101492240273409,2733971204,961687419622916097,962457621067436032,961363249827631105,817219551280644096,170534070,3063729126,908744939793637376,2293429350,938019389902938113,1382441744,110512249,960559364796018689,34846298,958445518291636224,849226660335562752,117109584,850274876,720338508,19829186,883529025393741826,872057500106928128,701812828525563904,21324766,955861918652264450,2699544937,955181354014199808,30802716,2484337999,938164058712367111,1202614933,3252891203,467840266,846886801956638720]","[372575989,2198551928,486973175,4785820572,21762059,3188152800,1536736850,106279352,21938769,27014362,42523890,525768814,167189561,437184896,3872079853,15941955,3208495775,784419106242125825,4058665638,375961475,237449040,2272031215,1323241459,180566704,20241874,78688269,116628927,22384880,3401539523,254285728,3553188074,701248960514490368,29442313,785358774,816479094821060608,25073877,67801509,3075605264,788823188121714688,41372275,81140486,60323026,94145657,40084369,3220388214,357218726,51176584,715007385635401728,260374835,2884938813,33417519,18499975,937696388,3237242731,2674399544,22265551,26671748,445993062,134795318,31215807,130528819,35477750,220867884,97473671,627087870,1672140240,801677292,153125472,3081786124,184861637,1848966620,2361489434,357045046,727784258,2405044915,553910027,555493863,26037960,255781062,554845069,2285597952,233613502,28785486,15754281,2922445875,75974281,759251,17471979,14293310,2884771,23995748,30080029,84358766,58529612,51217222,130565794,6817432,14861004,32545745,2914092306]"
32281887,"[969795590883364864,425924826,3074616021,232108392,2893026719,775802503166164992,874490514,23724083,58822355,115214418,961342715873996800,968284771490070528,741045460115283968,1915082882,976579645427585024,931252011470815232,976124018532192258,757779063821983744,292423442,284241195,948198491876143104,111007227,796380274435227648,801803125065650176,705597903738269696,2871494667,708116652320116736,20343947,310965182,798556237503799296,2962317671,969596222125297669,954199119895113728,2701739996,5539902,882222975499599874,791859662,2896677924,593096371,552295722,24828085,20700426,534403223,1941244088,332310807,26097825,109620572,223824260,286503985,6144332,925511271868485632,1594096597,597886889,952027970495008769,944942729238212608,379962842,26795680,779128432370352129,882733580127879172,523296134,2741661968,33285141,66387594,15485532,498745873,950161566007259136,227437553,959782149711900672,1345822466,3199617057,1137337262,84324670,950083292438679553,3307451815,38219073,957745027517644801,1686020359,3928693033,896879020603842560,498281292,216506034,906561352919126018,928751515707195392,1965838394,4831241837,235998838,2978230954,949682534358675456,948729178593087488,213110765,581895885,29589264,947274003483447297,104643288,2597149692,65997580,18492940,813414543242227713,420559337,835309132509024260]","[2597149692,790753595385753601,273542042,29589264,23724083,346384148,16272232,812135885328236551,115214418,448066395,6797952,130684893,624210678,194137488,284241195,761014414195642369,862493306382626818,111007227,107237287,728910019450839040,707985555506733057,796380274435227648,18313747,18648926,900091927521103877,45840174,816131319033950208,16106584,115578762,2269381573,71627462,35877822,2946892497,3540150733,39763313,2962317671,131752481,798556237503799296,873899398002036737,63335631,304583666,5539902,421151092,15362651,959782149711900672,550708707,1053236226,20218675,15741263,3307451815,24033771,71851881,783016447,2450682769,216506034,928751515707195392,66387594,139550237,586769242,2853461537,36397873,770726288931885057,581895885,95092020,18492940,813414543242227713,7302362,27105836,21652157,1726207638,800791348253073409,19569412,76075920,45500782,2332951065,384910109,455789162,239005322,78523300,71187306,309970677,50773530,612859753,1067031350,553317651,525408648,528117020,131337144,917505878,3345331894,2835644036,24908105,373193592,19039844,334370014,402980453,182671035,899742286094979072,16597389,856991644134068224]"
346801789,"[35090055,861647463928745984,21366669,2469861126,63522781,95682314,183315933,984921007612887040,151457656,3148242989,983039215465218048,56394853,958458584651763713,2549247187,567225601,872506353478008832,14058176,977654306525601792,233431050,977549046322810880,841698354589519872,268486648,978961056,32921499,444352801,23521135,721391472,2778441685,792797751994032128,979275384859525120,2734065743,710276023590510592,923376923434258433,2214390638,1559376086,953373304647282688,962834780193738753,977224938049372160,415946947,350520758,867818446914015232,1354865228,752984347163168768,2983417028,936710289483010048,98836822,1257289010,148769811,772803141364424704,712045334067748864,952601938574667776,3311081970,1321187605,801576122995580928,27023988,758020891624165377,896067186166575106,817835353,974733736452481025,2418991145,395460088,40034120,845640407430123520,709220694987411456,973261224761806848,1240259612,50374072,951873018531340288,1159100306,106274332,430811260,356915862,15224055,40066795,613048070,864318268084895745,66366648,2297932559,814920859152314369,928069624578572288,3368469555,720613024046841857,927580916654006272,3285756956,809837390894432257,932454005766103040,236441117,16905711,730158201916645376,61573841,281715066,18739601,953389951198093312,216572008,895741084101255168,744603287421325312,20124936,926529377801789440,960976743887704068,954189609960919040]","[3311081970,23521135,468646961,1240259612,126206025,551280202,752984347163168768,758020891624165377,895753899621076992,896067186166575106,40034120,38758656,181735712,2726654064,216572008,372891057,256292657,1069016744,12145102,328700529,17995040,35666789,3037068313,364488011,7334402,14135426,2914515430,1262814457,15059667,1068476821,26813914,19394188,17248121,44992488,304392714,97040343,20065440,61853389,19780355,34735570,14669951,817096689605636097,84138760,3258641758,746327544496984064,862011156621295617,17842366,900894660,1557315432,2444109577,2484560606,790579998910406656,364981292,322349602,890437225,485335529,16746076,484241397,1627067972,2858362198,1547200554,826309249315725312,105232779,67467650,33537967,4851050699,141697394,18665800,14647570,117662694,17471979,50393960,19725644,11348282,44196397,52187181,14708901,88906321,39756267,34713362,2884771,17469289,16664681,2097571,1367531,14173315,28785486,5392522,14677919,1652541,20094138,2531045666,336075979,110445334,26659703,4544759174,172223056,51149077,2342338263,72482859]"
9554452,"[17850785,950653610,951710559904436224,741492381552250880,520963226,1138808810,840827360656019456,805928130359672834,2880001311,41864872,761073377847029760,41956516,19523908,2726023421,356221720,123111950,711676815954194433,1909016467,3394914429,12260722,2846149614,65668078,4716462990,99966271,3402513825,614832156,45977900,3655996667,3508583832,3278654280,3273517506,3281418701,961278918,3198209014,3296969662,1945448844,2985013655,3239908607,618342591,56737711,1002146618,3179431706,3095824972,3008503449,974511218,2977500465,2956811690,41738814,2925326357,2911805056,2522464374,2906167250,2892968516,2864062720,75900153,2883395274,2801714409,2829137148,297780502,75692223,2745535007,14479788,291313936,2612625344,41529634,70501334,149231062,16404797,281629262,627424501,595128926,236247794,350969367,1069213626,269869796,76043731,2385749840,393198895,2380009668,277218759,35554654,5389812,80209025,435433723,154296892,23642426,2314808910,1611057241,148809019,526890343,393055721,1265355212,70382096,1702208706,872612760,563518427,104265917,1416292998,1122676135,171526696]","[965266179836252161,747681012,1636590253,36823,14069365,3309375033,5392522,813286,14120215,19348553,20826732,2293315159,779045823497797632,836404370111676417,62513246,316670218,1013399942,4898091,28049003,267915933,17006157,246744451,152862026,39000115,380215177,5402612,1349830620,232680302,16745015,4519121,16002085,4816,97613366,2916305152,42891240,275686563,573918122,788524,54296510,16191793,56737711,384146820,59949396,14173315,166739404,15164565,2347049341,23818581,23827692,1344951,7144422,13215132,13213122,759251,807095,44606764,3060631,2303751216,17540485,32340023,243896198,241964676,26570717,96951800,277071665,140070953,16017475,50752123,16955991,18510860,65668078,51241574,53514592,35773039,9207632,44196397,15492359,19725644,20065936,15279429,7563792,36623013,119593082,133448051,32613163,95715393,20479813,230854660,53455380,14377605,24447643,14514804,24226763,21982720,201767411,428333,972651,15518170,16438248,37255130]"
236696059,"[985985851401400322,948793846443409413,3127848671,937187275,387181116,625071711,867796292369567745,901429189651386368,2874540801,1781721138,3026932448,845865563045974016,849749494744969217,824340715723509765,842238558706515968,838414099918675968,835237370249109504,835120358097309698,741120871239196672,743859618326126592,552158727,810143923381227521,467768114,734555735414190080,700548082971365376,534807902,354694528,4579917917,4730796753,381988330,769354608216977412,24009801,765744717288079360,153516909,2979340726,26548315,722148054716063745,4417656797,20690429,4280751672,2962667465,2957550031,3312421190,711247773874655233,4424140333,992852672,705874541994602501,4818286694,4396806742,25915690,4477991300,24578794,18294521,2950709560,17622723,4387099355,4312504822,776917032,3389980727,186188905,3063776357,3317789997,3449443113,2521354027,299616750,1002016670,3189092460,2848637648,3301011377,56915505,3015667042,3166107563,2991850042,2935213443,3146275034,3159117554,762471390,3146686285,38374685,15938148,706571077,427732413,36748333,3106444188,34327442,1692917700,565616336,3063343970,819676560,1699945236,246921056,2793403002,2468968236,2402505578,821061002,15661189,2996125252,756183841,1237708950,2322393242]","[2349084931,2955413804,23126986,2955596087,289721171,605754185,35845557,317811804,1546262760,91152350,2457037166,2457108331,2905406676,304475623,323612648,322152014,548410906,62678424,185889478,48948631,45605206,83039463,15938148,2330828095,341789558,1539644984,22990962,16874341,28390516,15893733,22521806,97594395,15694562,28594128,33942500,951026892,564686965,2435811084,1557315432,182980123,26091641,205284146,622236621,1187780665,434956607,523644574,237795990,282545479,23926523,15103460,18315127,1194248568,16268340,57775464,17975190,17138039,110538332,426171815,229592356,15832910,605076156,35449821,20151096,1195734343,180566704,473118604,33779278,33919623,28870086,51263592,1051446626,124580310,1007151494,748152230,20709978,19211550,815778698,14901312,539277412,51241574,24109979,451586190,247723476,305141546,113047940,23442390,24610862,19561844,24773177,33919343,23176276,22839628,21034105,166263753,27029537,279088179,19695857,46154017,19738507,30098812]"
569026093,"[245818877,943524647265587201,4053663688,3356744231,402738001,949655887274283015,983769992687702021,943837398273806336,984578023654612994,23540361,67164529,981283331491934209,979723500385599489,818495878306656256,4831099816,979058746189078529,3498420075,981286556660051974,980045628314177536,948251063366422528,2559188773,258401888,967940818957930498,18944681,977646951134048256,3015147815,20644994,952664674914402304,917758956,807404271218135041,83477186,705564030,968625040425144321,96382322,3007833196,2983365676,970744015539884033,17943285,2249170832,969913353513656321,776433196900708352,855529737560653824,842895487896338433,24673519,19550680,920506213166698498,22146175,963538247606587393,709164770373533696,960535762432348161,402184941,93652097,12518682,839561861121081344,864874138640502786,928501741083090949,82376086,823653163844726784,859881157013405696,954933712357150720,929461615728185346,284530356,21751173,293349604,907045525,18063469,581895885,952092254382051328,164763404,230344408,947411951348535296,2509233749,21209087,932987748981575681,737052885997998080,21142386,926332659558522881,358608251,947221779122216960,776098407333134336,191287548,760927436049567744,914846315456155649,28806932,941486054804144128,372050829,941633574972870656,813828162,300507857,2517931333,940340257001820160,909070184,904617338,2532011271,69971165,711517412445835265,4002549513,764575890416234496,333428765,932662719647535104]","[581895885,22677427,32605517,241257413,51907580,1967431206,2328050107,2219864951,2284321554,459480818,2815442971,186281365,369229624,2388295218,852723636368748544,196186298,2649584372,3095313945,29902367,2953158934,821976391,2287082899,22675606,76763700,175272410,17014565,28153561,3905088794,14945261,362571798,243639047,16364399,3310895157,741830651532480512,757933341140250624,235809142,4706093354,1344923888,271979402,1860803827,2340922976,3240710663,22255309,70591921,1180379185,1074480192,15745368,18020081,113047940,216881337,65691824,23022687,25073877,21532682,4105351109,4134196872,24204393,17031374,311812323,213114126,3525946401,312340448,23626238,31126587,16133076,157425053,2202098276,2396654358,718466527,1048051747,32155764,103304779,2178335676,50415895,589223476,550591330,39988586,870898890,3131537727,447185016,1164984678,198177621,37524685,2906574983,1707399337,16113639,6904552,440785316,68477434,2330618804,636163904,56146059,355850561,1503671287,2890919590,2377630490,14214056,2358888290,2287063470,94403791]"
120355879,"[3067293257,292677542,876949301762695168,22049571,19623096,979114686724546560,603605722,48002286,34367582,977249691682385920,977654306525601792,804152576996360192,512645585,918972702693691393,874825637151768576,1512991051,1458177985,729969851607879680,166751745,613397041,969675306670919680,965383326986096640,3306240758,1087740264,889899463,958987828217679872,962965828294643713,58348452,959052124767342592,954781524867665921,916078158092279808,952754109362425857,536118501,410091358,72585181,949608151057354752,871749116652597250,576908287,775087418307260417,817661098988019712,1583629862,36540704,2551886582,795460504219226112,912800937672048640,2746545489,742580394575286272,185286485,4382309294,1450231970,336558665,15149454,933354232039829505,186143384,150428551,94712225,928557940495155200,1870152738,2271084384,918968869586210816,180907075,719691774432817153,890056538819149824,217336004,914978395670360064,763645802854043649,905832277149614080,240323825,759102455586123777,531526536,908655938038566912,884704612879523840,799539545985449984,894155521405702144,816070250085105665,34680882,900783321919234050,2933640214,155718531,899683012345962496,248377547,222368570,894982847223795712,895145837189136384,889191242944458752,3137145207,894944041757888512,27533210,772921250586828801,889214870519984128,2389476140,892395944,886380923612049408,42607938,2353742575,608419086,635570709,2811627597,263310004,880607064107622400]","[603605722,16261631,942619939621314560,979818510514900996,862493306382626818,1613840106,1458177985,729969851607879680,166751745,495444311,45033456,536118501,398037232,2908170952,258203826,1130156892,16409656,58348452,16163639,576908287,54791458,1197908053,219813525,240323825,788415054165086208,14423929,2195737639,1140449875,331884370,270234660,762827825707560960,371504926,899683012345962496,248377547,894944041757888512,21781349,886380923612049408,42607938,892395944,635570709,65493023,7702542,1146826052,38562922,414068902,2159679852,731492792,233266490,36608995,188566044,78966970,1360098198,3142766761,275150216,394817223,1119708966,70896608,57773900,91520946,29097443,33133619,818910970567344128,818927131883356161,822215679726100480,25073877,226268305,420874684,811715330804326400,264361128,2165787607,29300352,119246044,19737700,278098811,17322854,1074480192,25864886,76561208,25526853,754845211176554496,33694840,21149655,19154907,107210947,756347346,775137023979958272,86402543,26137188,408377548,49865225,60671176,398098355,29881603,90570778,2236548710,484527937,2295203377,715948468133466112,2275391034,745420174338076672]"
